{"cameraMode":{"drawMode":0,"name":"Shaded","section":"Shading Mode"},"sceneLighting":true,"audioPlay":false,"sceneViewState":{"m_AlwaysRefresh":false,"showFog":true,"showSkybox":true,"showFlares":true,"showImageEffects":true,"showParticleSystems":true,"showVisualEffectGraphs":true,"m_FxEnabled":true},"in2DMode":false,"pivot":{"x":0.10402297973632813,"y":1.3253998756408692,"z":-0.43454957008361819},"rotation":{"x":0.19628939032554627,"y":0.21338920295238496,"z":-0.04380568861961365,"w":0.9560366272926331},"size":3.3632049560546877,"orthographic":true}