{"cameraMode":{"drawMode":0,"name":"Shaded","section":"Shading Mode"},"sceneLighting":true,"audioPlay":false,"sceneViewState":{"m_AlwaysRefresh":false,"showFog":true,"showSkybox":true,"showFlares":true,"showImageEffects":true,"showParticleSystems":true,"showVisualEffectGraphs":true,"m_FxEnabled":true},"in2DMode":false,"pivot":{"x":1.3329640626907349,"y":1.09164297580719,"z":-0.3406345546245575},"rotation":{"x":-0.32289811968803408,"y":0.010503892786800862,"z":-0.0035820023622363807,"w":-0.9463732242584229},"size":3.6918461322784426,"orthographic":true}